bgg_id,name
2001,Action Points
2002,Tile Placement
2003,Rock-Paper-Scissors
2004,Set Collection
2005,Stock Holding
2007,Pick-up and Deliver
2008,Trading
2009,Trick-taking
2010,Crayon Rail System
2011,Modular Board
2012,Auction/Bidding
2013,Commodity Speculation
2014,Betting and Bluffing
2015,Variable Player Powers
2016,Secret Unit Deployment
2017,Voting
2018,Campaign / Battle Card Driven
2019,Team-Based Game
2020,Simultaneous Action Selection
2021,Area-Impulse
2023,Cooperative Game
2026,Hexagon Grid
2027,Storytelling
2028,Role Playing
2035,Roll / Spin and Move
2038,Singing
2039,Line Drawing
2040,Hand Management
2041,Card Drafting
2043,Enclosure
2046,Area Movement
2047,Memory
2048,Pattern Building
2055,Paper-and-Pencil
2057,Chit-Pull System
2060,Pattern Recognition
2070,Simulation
2072,Dice Rolling
2073,Acting
2078,Point to Point Movement
2079,Variable Phase Order
2080,Area Majority / Influence
2081,Network and Route Building
2082,Worker Placement
2661,Push Your Luck
2663,Time Track
2664,"Deck, Bag, and Pool Building"
2676,Grid Movement
2685,Player Elimination
2686,Take That
2689,Action Queue
2813,Rondel
2814,Traitor Game
2819,Solo / Solitaire Game
2820,Semi-Cooperative Game
2821,Single Loser Game
2822,Scenario / Mission / Campaign Game
2823,Score-and-Reset Game
2824,Legacy Game
2826,Turn Order: Stat-Based
2827,Turn Order: Auction
2828,Turn Order: Progressive
2829,Turn Order: Claim Action
2830,Turn Order: Pass Order
2831,Real-Time
2833,Turn Order: Role Order
2834,Action Timer
2835,Passed Action Token
2836,Lose a Turn
2837,Interrupts
2838,Action Drafting
2839,Action Retrieval
2840,Action/Event
2841,Command Cards
2843,Follow
2844,Order Counters
2846,Once-Per-Game Abilities
2847,Advantage Token
2849,Tech Trees / Tech Tracks
2850,Events
2851,Narrative Choice / Paragraph
2853,Stat Check Resolution
2854,Critical Hits and Failures
2855,Ratio / Combat Results Table
2856,Die Icon Resolution
2857,Card Play Conflict Resolution
2858,Prisoner's Dilemma
2860,Flicking
2861,Static Capture
2863,Minimap Resolution
2864,Force Commitment
2865,Player Judge
2866,Targeted Clues
2870,Re-rolling and Locking
2871,Kill Steal
2874,Victory Points as a Resource
2875,End Game Bonuses
2876,Race
2882,Elapsed Real Time Ending
2883,Connections
2884,Sudden Death Ending
2885,Finale Ending
2886,King of the Hill
2887,Catch the Leader
2888,Tug of War
2889,Highest-Lowest Scoring
2891,Hidden Roles
2892,Roles with Asymmetric Information
2893,Communication Limits
2897,Variable Set-up
2900,Market
2901,Delayed Purchase
2902,Income
2903,Automatic Resource Growth
2904,Loans
2906,"I Cut, You Choose"
2909,Random Production
2910,Investment
2911,Ownership
2912,Contracts
2913,Bribery
2914,Increase Value of Unchosen Resources
2915,Negotiation
2916,Alliances
2918,Auction: English
2919,Auction: Turn Order Until Pass
2920,Auction: Sealed Bid
2922,Constrained Bidding
2923,Auction: Once Around
2924,Auction: Dutch
2926,Selection Order Bid
2927,Multiple-Lot Auction
2928,Closed Economy Auction
2930,Auction: Dexterity
2931,Auction: Fixed Placement
2932,Auction: Dutch Priority
2933,"Worker Placement, Different Worker Types"
2935,Worker Placement with Dice Workers
2939,Track Movement
2940,Square Grid
2944,Three Dimensional Movement
2946,Pattern Movement
2947,Movement Points
2948,Resource to Move
2949,Measurement Movement
2950,Different Dice Movement
2952,Impulse Movement
2953,Programmed Movement
2954,Relative Movement
2955,Mancala
2956,Chaining
2957,Bias
2958,Moving Multiple Units
2959,Map Addition
2960,Map Reduction
2961,Map Deformation
2962,Move Through Deck
2963,Movement Template
2964,Pieces as Map
2965,Multiple Maps
2967,Hidden Movement
2974,Zone of Control
2975,Line of Sight
2978,Grid Coverage
2980,Ladder Climbing
2981,Melding and Splaying
2984,Drafting
2985,Turn Order: Random
2987,Hidden Victory Points
2988,Stacking and Balancing
2989,Physical Removal
2990,Cube Tower
2991,Speed Matching
2999,Bingo
3000,Hot Potato
3001,Layering
3002,Deduction
3003,Induction
3004,Deck Construction
3005,Slide/Push
3006,Predictive Bid
3007,Matching
