bgg_id,name
1001,Political
1002,Card Game
1008,Nautical
1009,Abstract Strategy
1010,Fantasy
1011,Transportation
1013,Farming
1015,Civilization
1016,Science Fiction
1017,Dice
1019,Wargame
1020,Exploration
1021,Economic
1022,Adventure
1023,Bluffing
1024,Horror
1025,Word Game
1026,Negotiation
1027,Trivia
1028,Puzzle
1029,City Building
1030,Party Game
1031,Racing
1032,Action / Dexterity
1033,Mafia
1034,Trains
1035,Medieval
1036,Prehistoric
1037,Real-time
1038,Sports
1039,Deduction
1040,Murder/Mystery
1041,Children's Game
1042,Expansion for Base-game
1044,Collectible Components
1045,Memory
1046,Fighting
1047,Miniatures
1048,American Civil War
1049,World War II
1050,Ancient
1051,Napoleonic
1052,Arabian
1054,Music
1055,American West
1059,Maze
1064,Movies / TV / Radio theme
1065,World War I
1069,Modern Warfare
1070,Renaissance
1072,Electronic
1075,American Revolutionary War
1079,Humor
1081,Spies/Secret Agents
1082,Mythology
1084,Environmental
1086,Territory Building
1088,Industry / Manufacturing
1089,Animals
1090,Pirates
1091,Korean War
1093,Novel-based
1094,Educational
1097,Travel
1098,Number
1101,Video Game Theme
1102,Civil War
1104,Math
1108,American Indian Wars
1109,Vietnam War
1113,Space Exploration
1115,Religious
1116,Comic Book / Strip
1117,Book
1118,Mature / Adult
1119,Game System
1120,Print & Play
2145,Medical
2481,Zombies
2650,Aviation / Flight
2687,Fan Expansion
2710,Post-Napoleonic
2725,Pike and Shot
2726,Age of Reason
